[
    {
        "email": "d@f.com",
        "feedback": "vjjfjfjfj"
    },
    {
        "email": "daryenaya@gmail.com",
        "feedback": "HFHFHFHC"
    },
    {
        "email": "dafaf@g.com",
        "feedback": "fhhdhchchxhsnz ZJXKASJHACIL"
    },
    {
        "email": "a@gmail.com",
        "feedback": "xjzsxkjzxls[sp"
    },
    {
        "email": "da@gmail.com",
        "feedback": "chsjahasilicoas[p"
    },
    {
        "email": "daryenaya@gmail.com",
        "feedback": "neoflex mobile app 2024"
    }
]